id_topico,token,relevancia
0,rinde,4.2304681031460065
0,homenaje,4.1432105658537175
0,presidente rinde,4.057882764299368
0,rinde homenaje,4.051595400752145
0,luctuoso,2.8576786774510863
0,aniversario,2.8264220886115274
0,aniversario luctuoso,2.6287078840914417
0,emiliano,2.1444326276809864
0,emiliano zapata,2.1444326276809864
0,zapata,2.1121524008390145
0,madero,1.3135932002467907
0,francisco madero,1.263163414180119
0,presidente,1.2558656246350623
0,cuarta,1.2418053905063946
0,homenaje víctimas,1.1614649543495923
0,francisco,1.157463315602456
0,benito juárez,1.117741858776964
0,benito,1.117741858776964
0,homenaje francisco,1.0788824988555257
0,juárez,1.013579642049075
0,transformación,0.9546380752564073
0,presidente envía,0.9478632380763645
0,año emiliano,0.9145419071408555
0,2019 año,0.9145419071408555
0,envía,0.9097802412317718
0,homenaje emiliano,0.8498484060702632
0,cuarta transformación,0.8234115318666063
0,consolidar guardia,0.8036641284851447
0,víctimas,0.7839268726362133
0,año,0.777678163867845
0,envía condolencias,0.7509016129796402
0,condolencias,0.7359154906400442
0,2019,0.7071382506892533
0,transformación afirma,0.7067724647838401
0,radiodifusora,0.687820699544907
0,secretario,0.6705479827376138
0,alcaldía,0.6654165581611005
0,iztapalapa,0.6386676847529457
0,refinería salamanca,0.6047417779627141
0,salamanca,0.6047417779627141
0,presidente recuerda,0.5814171741723185
0,recuerda,0.5814171741723185
0,construye,0.5807294941817405
0,homenaje benito,0.5612541384938702
0,garantiza investigación,0.5425657722385118
0,transportes,0.5339628037663734
0,comunicaciones,0.5339628037663734
0,jorge,0.5339628037663734
0,comunicaciones transportes,0.5339628037663734
0,condolencias familiares,0.5303330459304042
0,110 aniversario,0.5230701930541163
0,110,0.5230701930541163
0,juárez garcía,0.5140622960520217
0,2023 méxico,0.5131801167039893
0,méxico autosuficiente,0.5131801167039893
0,autosuficiente,0.5131801167039893
0,presidente conmemora,0.5047730303288578
0,27 noviembre,0.49283546289750396
0,27,0.49283546289750396
0,latina,0.48619863875688635
0,américa latina,0.48619863875688635
0,cabo,0.48141811986003
0,alcaldía iztapalapa,0.47891128939866956
0,recorre alcaldía,0.47891128939866956
0,garcía,0.4732179129032886
0,postal,0.4710099676366048
0,conmemora,0.46984728126867265
0,rehabilitación refinería,0.43314395170616027
0,noviembre,0.4286867429416399
0,presidente nombra,0.42495498744723526
0,minera senado,0.4215794991253377
0,recorre,0.4139180600346913
0,presidente recorre,0.4139180600346913
0,minera,0.4033262962338396
0,ley minera,0.4033262962338396
0,metro proteger,0.4006079793833676
0,usuarios afirma,0.4006079793833676
0,proteger usuarios,0.4006079793833676
0,fotogalería 190,0.39943122177505186
0,61 aniversario,0.3988595208307108
0,aniversario radiodifusora,0.3988595208307108
0,celebra 61,0.3988595208307108
0,radiodifusora tabasqueña,0.3988595208307108
0,tabasqueña,0.3988595208307108
0,asegura cumplirán,0.3958568298676016
0,presidente asegura,0.3958568298676016
0,cumplirán compromisos,0.3958568298676016
0,compromisos gobierno,0.3958568298676016
0,cumplirán,0.3958568298676016
0,nombra,0.3952369399859581
0,valentín,0.3941188303326765
0,valentín campa,0.3941188303326765
0,campa salazar,0.3941188303326765
0,campa,0.3941188303326765
0,homenaje valentín,0.3941188303326765
0,apoyo trabajadores,0.38976349026781365
0,transformación construye,0.38976349026781365
0,construye apoyo,0.38976349026781365
0,salamanca guanajuato,0.3848123715372295
0,creación línea,0.3824643224914316
1,adultas mayores,1.7995651621136917
1,adultas,1.7995651621136917
1,personas adultas,1.7995651621136917
1,huracán agatha,1.3848374919788555
1,huracán,1.325059314302262
1,agatha,1.3180653564598905
1,personas,1.0637573907844182
1,afectados,0.9071895755404771
1,toluca ciudad,0.8706811099503051
1,tren toluca,0.8706811099503049
1,través,0.8704717272963423
1,cobro,0.8439442667557188
1,toluca,0.7732199196881354
1,mejora,0.7591845608100679
1,dos,0.7573651899494012
1,pensiones,0.7061559837013432
1,afectados huracán,0.6872037132189859
1,mayores,0.6707769501236616
1,mejora percepción,0.6188029044930553
1,percepción social,0.6188029044930553
1,través programas,0.6048761097187827
1,rápida,0.6010226955162286
1,apoyo afectados,0.5949210253540718
1,percepción,0.5937526789692436
1,2023 anuncia,0.5900192387185694
1,cobro pensiones,0.5560015875131337
1,pensiones personas,0.5560015875131337
1,beneficiarias,0.5459457689891701
1,sucia,0.5343056939381381
1,guerra sucia,0.5343056939381381
1,paisanos,0.521671235163412
1,seguro,0.519111139569636
1,guerra,0.49145530071894816
1,héroes,0.46837725748739195
1,remesas,0.4290973485131574
1,bienestar beneficiará,0.40643679204175237
1,beneficiará damnificados,0.40643679204175237
1,profeco presenta,0.40571375769602813
1,cobro remesas,0.40571375769602813
1,comparativo cobro,0.40571375769602813
1,presenta comparativo,0.40571375769602813
1,seguridad sonora,0.40242388292059084
1,recursos fortalecer,0.40242388292059084
1,fortalecer seguridad,0.40242388292059084
1,sonora garantizados,0.40242388292059084
1,garantizados presidente,0.40242388292059084
1,instituciones resalta,0.3976340655341405
1,social instituciones,0.3976340655341405
1,acciones apoyo,0.39703837682866966
1,electoral establecerá,0.3927262642239116
1,establecerá,0.3927262642239116
1,establecerá auténtica,0.3927262642239116
1,méxico inaugurará,0.39018095714237827
1,pueblo guerrero,0.3897666928439207
1,guerrero través,0.3897666928439207
1,compromisos pueblo,0.3897666928439207
1,comparativo,0.38823051338328773
1,recuperación rápida,0.38257497744315844
1,rápida empleos,0.38257497744315844
1,empleos reportada,0.38257497744315844
1,reportada,0.38257497744315844
1,reportada imss,0.38257497744315844
1,olmeca dos,0.3808758321650623
1,supervisa acciones,0.37997614551440506
1,méxico,0.37759789294994806
1,explotación desmedida,0.37609714644678266
1,desmedida recursos,0.37609714644678266
1,desmedida,0.37609714644678266
1,permitirá explotación,0.37609714644678266
1,auténtica democracia,0.3758732980515371
1,auténtica,0.3758732980515371
1,mayores país,0.3730042519816221
1,completarse,0.3730042519816221
1,país completarse,0.3730042519816221
1,completarse destaca,0.3730042519816221
1,inaugurará 2023,0.37288267003318204
1,oaxaca afectados,0.3683522160158423
1,presidente visitará,0.3683522160158423
1,visitará municipios,0.3683522160158423
1,municipios,0.36738415366838
1,profeco,0.3662042304468054
1,etapa refinería,0.36459796281381435
1,democracia presidente,0.3639159282864463
1,méxico permitirá,0.3600511851121244
1,recursos presidente,0.3600511851027716
1,damnificados huracán,0.35897067092479173
1,participarán,0.3570910180872747
1,dos empresas,0.3570910180872747
1,extranjeras participarán,0.3570910180872747
1,participarán rescate,0.3570910180872747
1,visitará,0.3526821132350886
1,explotación,0.350338677885452
1,gobiernos chile,0.348309136941142
1,unen homenaje,0.348309136941142
1,chile méxico,0.348309136941142
1,económica excepcional,0.34487208736148617
1,excepcional inversión,0.34487208736148617
1,excepcional,0.34487208736148617
1,méxico derrama,0.34487208736148617
1,pública programas,0.34487208736148617
2,presidente,65.44131281216333
2,méxico,33.27448119844838
2,afirma,31.125080430719013
2,gobierno,25.40188348412098
2,afirma presidente,24.128646044134953
2,bienestar,22.014238181209784
2,destaca,20.05268500059445
2,programas,19.453510953606557
2,seguridad,19.293260175671303
2,anuncia,17.048620064874758
2,nacional,16.906603503152827
2,amlo,16.78924239068631
2,presidente amlo,16.41712902672508
2,presidente destaca,15.19029323819646
2,llama,14.709904492903899
2,pueblo,12.265074568007213
2,federal,11.918156282399115
2,avances,11.907427983337119
2,país,11.82974635124052
2,estados,11.55906752831393
2,programas bienestar,11.32328835358004
2,unidos,11.098195568346819
2,estados unidos,11.098195568338351
2,presidente llama,11.064610659454676
2,entrega,10.828147479183817
2,desarrollo,10.741341493520725
2,presentan,10.547007257182505
2,celebra,10.53666821387361
2,transformación,10.334731260491276
2,reafirma,10.281786096845593
2,atención,10.281705057397982
2,gobierno méxico,10.266198006725297
2,acciones,10.220384647718225
2,baja,10.168416168067985
2,estrategia,10.058617497831793
2,programa,9.807651020164936
2,presidente anuncia,9.739189880804924
2,resultados,9.723455880541996
2,gobierno federal,9.640368949301326
2,en,9.512727474580407
2,presidente celebra,9.20062888849976
2,19,9.18266216920889
2,covid,9.137504926837243
2,asegura,9.07000945511527
2,covid 19,9.02945895753284
2,compromiso,9.008988695740978
2,anuncia presidente,8.901872183086741
2,guardia nacional,8.897753577370617
2,guardia,8.897753577370617
2,justicia,8.589752625800351
2,refrenda,8.23938897490063
2,incidencia,8.0056791637133
2,presidente reafirma,7.888464867125474
2,sector,7.879617058619357
2,cuarta,7.723464324385344
2,cuarta transformación,7.723197528871874
2,salud,7.692374420530347
2,presupuesto,7.522545539070504
2,trabajo,7.480985686549386
2,garantiza,7.469941973743457
2,incidencia delictiva,7.172548144122564
2,delictiva,7.172548144122564
2,vida,7.147823476084875
2,mejoramiento,7.079429016804344
2,reforma,7.015170312418928
2,programas integrales,6.975219359974612
2,integrales,6.937020763170042
2,tabasco,6.772002928657699
2,económica,6.771666019012263
2,estado,6.7456947434918435
2,integrales bienestar,6.736711562967902
2,presidente refrenda,6.6996004360280805
2,paz,6.633638041879769
2,compromisos,6.628375806450515
2,corrupción,6.606440487028015
2,urbano,6.586962550173786
2,asegura presidente,6.559572581537531
2,trabajadores,6.558402010358264
2,apoyo,6.454004038829277
2,migración,6.369746205764574
2,garantizar,6.287259244054051
2,mejoramiento urbano,6.277569104078584
2,atender,6.274270474629556
2,epidemia,6.245547661440365
2,protección,6.15580556886176
2,compromete,6.078749564691251
2,sembrando vida,6.057254781218946
2,sembrando,6.057254781218946
2,economía,6.051983208034323
2,construcción,6.038192872916313
2,caso,6.032425768681172
2,pueblos,6.013380242204643
2,social,6.012151242827726
2,respeto,5.988917302930595
2,resalta,5.988143859121084
2,relación,5.917786554545772
2,empleos,5.899741898701662
2,recuperación,5.853980912212714
2,aprobación,5.839048620432142
2,reconoce,5.686592588861729
3,emite,0.8876181234038982
3,presidente emite,0.8876181234038982
3,natural protegida,0.8835825088064246
3,área natural,0.8835825088064246
3,área,0.8508285066243424
3,protegida,0.845671803562526
3,natural,0.8456718031577775
3,lago texcoco,0.8296244000963747
3,lago,0.8296244000963747
3,parque,0.7992640852675974
3,texcoco,0.7881261566254386
3,emite voto,0.69847261356255
3,voto,0.6386379127665452
3,ecológico lago,0.6383013816703019
3,parque ecológico,0.6383013816703019
3,ecológico,0.6168471252438378
3,maya presidente,0.5513998959746819
3,espacios,0.5149925540546875
3,espacios públicos,0.5149925540546875
3,reúne directivos,0.48397540917709303
3,histórico,0.44720228976931464
3,francia,0.4165722142489792
3,voto proceso,0.3953462238706487
3,electoral 2021,0.3953462238706487
3,proyecto parque,0.3826171188049967
3,voto histórico,0.38188803811889205
3,histórico ejercicio,0.38188803811889205
3,ejercicio democrático,0.3655610471119213
3,presentan proyecto,0.3546454571611258
3,especialistas control,0.3536350236696936
3,chile ayuda,0.3536350236696936
3,envía chile,0.3536350236696936
3,méxico envía,0.3536350236696936
3,control incendios,0.3536350236696936
3,ayuda especialistas,0.3536350236696936
3,3m,0.3466023527304012
3,directivos empresa,0.3466023527304012
3,respaldo pandemia,0.3466023527304012
3,3m agradece,0.3466023527304012
3,empresa 3m,0.3466023527304012
3,agradece respaldo,0.3466023527304012
3,obras programas,0.3394061531139826
3,atiende obras,0.3394061531139826
3,bienestar comunidades,0.3394061531139826
3,ejercicio,0.3376498712505715
3,texcoco área,0.33137688535121823
3,600 kilómetros,0.3311962734813715
3,terminados 600,0.3311962734813715
3,terracerías tren,0.3311962734813715
3,kilómetros terracerías,0.3311962734813715
3,terracerías,0.3311962734813715
3,federal competencia,0.3269885159567207
3,candidatos comisión,0.3269885159567207
3,presidente enviará,0.3269885159567207
3,comisión federal,0.3269885159567207
3,terna candidatos,0.3269885159567207
3,competencia económica,0.3269885159567207
3,enviará terna,0.3269885159567207
3,democrático,0.32606568657859175
3,comunidades cercanas,0.32514079184920824
3,protegida presidente,0.31750118155181933
3,terminados,0.3173293346130304
3,semar refuerzan,0.30574162237192126
3,frenar ingreso,0.30574162237192126
3,ingreso fentanilo,0.30574162237192126
3,metanfetamina,0.30574162237192126
3,medidas frenar,0.30574162237192126
3,refuerzan medidas,0.30574162237192126
3,metanfetamina méxico,0.30574162237192126
3,fentanilo metanfetamina,0.30574162237192126
3,dialoga jean,0.3056330533155213
3,presidente francia,0.3056330533155213
3,luc mélenchon,0.3056330533155213
3,jean luc,0.3056330533155213
3,mélenchon excandidato,0.3056330533155213
3,excandidato,0.3056330533155213
3,excandidato izquierda,0.3056330533155213
3,jean,0.3056330533155213
3,luc,0.3056330533155213
3,izquierda presidente,0.3056330533155213
3,izquierda,0.3056330533155213
3,mélenchon,0.3056330533155213
3,competencia,0.3029014178025812
3,600,0.29985905762129494
3,estudiantes niveles,0.29769687338510337
3,en ruta,0.29769687338510337
3,acceden becas,0.29769687338510337
3,niveles escolares,0.29769687338510337
3,becas secretaría,0.29769687338510337
3,maya estudiantes,0.29769687338510337
3,escolares acceden,0.29769687338510337
3,francisco lajas,0.2940965699393235
3,resalta amplia,0.2940965699393235
3,comunidad san,0.2940965699393235
3,lajas,0.2940965699393235
3,amplia,0.2940965699393235
3,lajas durango,0.2940965699393235
3,amplia cobertura,0.2940965699393235
3,sociales comunidad,0.2940965699393235
3,cobertura programas,0.2940965699393235
4,poder judicial,1.3973658222472263
4,judicial,1.3973658222472263
4,poder,1.214300457152726
4,scjn,1.1782498508700632
4,asiste,1.0609524579664327
4,arturo zaldívar,1.0402492152377263
4,zaldívar,1.0402492152377263
4,arturo,0.9773946312291641
4,federación,0.9550421742967851
4,informe,0.8978578012320491
4,presidente asiste,0.8847032059482232
4,asiste informe,0.8847032059482232
4,informe anual,0.8463441724547114
4,anual,0.8463441724547114
4,judicial federación,0.7805408989317487
4,labores,0.7129687451663205
4,nuevo león,0.6331327089561979
4,león,0.6277278659827839
4,brindar,0.5525218622112981
4,labores poder,0.5414763312074147
4,materia electoral,0.5320679343676161
4,anual labores,0.5235260311805675
4,ministro arturo,0.45707696340656057
4,anual scjn,0.4462769849426771
4,reunión arturo,0.4374281259278016
4,zaldívar presidente,0.4374281259278016
4,presidente scjn,0.4374281259278016
4,litigio,0.41976829605488414
4,presidente fallo,0.41976829605488414
4,reconoce presidente,0.41976829605488414
4,fallo,0.41976829605488414
4,scjn litigio,0.41976829605488414
4,fallo scjn,0.41976829605488414
4,presidente,0.4017457680275857
4,compromiso erradicar,0.3894150897029462
4,erradicar robo,0.3894150897029462
4,hidrocarburos puebla,0.3894150897029462
4,oaxaca reduce,0.3842998268820508
4,pueblo oaxaca,0.3842998268820508
4,robo hidrocarburos,0.37272281359196036
4,reduce delitos,0.36785579254025974
4,hidrocarburos,0.35169303248835804
4,nogales sonora,0.3512499386432751
4,conjuntas gobierno,0.3512499386432751
4,conjuntas,0.3512499386432751
4,unidos nogales,0.3512499386432751
4,obras conjuntas,0.3512499386432751
4,brindar atención,0.3489876963012898
4,compromete pueblo,0.3489876963012898
4,pueblo guarijío,0.3489876963012898
4,guarijío sonora,0.3489876963012898
4,sonora brindar,0.3489876963012898
4,harp helu,0.34779361603987363
4,harp,0.34779361603987363
4,estadio alfredo,0.34779361603987363
4,helu,0.34779361603987363
4,alfredo,0.34779361603987363
4,alfredo harp,0.34779361603987363
4,inauguración estadio,0.34779361603987363
4,nacional aun,0.34764625536703797
4,reconocen bandera,0.34764625536703797
4,mexicanos reconocen,0.34764625536703797
4,diferencias afirma,0.34764625536703797
4,aun diferencias,0.34764625536703797
4,bandera nacional,0.34764625536703797
4,constitucionalidad reformas,0.3456120652732804
4,electoral favor,0.3456120652732804
4,favor democracia,0.3456120652732804
4,garantiza constitucionalidad,0.3456120652732804
4,reformas materia,0.3456120652732804
4,constitucionalidad,0.3456120652732804
4,fotogalería segundo,0.3451665226737787
4,magistrado arturo,0.33819597621706265
4,informe labores,0.33819597621706265
4,zaldívar scjn,0.33819597621706265
4,magistrado,0.33819597621706265
4,labores magistrado,0.33819597621706265
4,león compromiso,0.33556574391705657
4,tesla llegará,0.33556574391705657
4,llegará nuevo,0.33556574391705657
4,quincenal justicia,0.33491105732583903
4,sociales mujeres,0.33491105732583903
4,quincenal,0.33491105732583903
4,periodistas luchadores,0.33491105732583903
4,anuncia informe,0.33491105732583903
4,informe quincenal,0.33491105732583903
4,atención integral,0.33425734639533783
4,reconocen,0.3329810051374393
4,reunión,0.3286666569789678
4,condolencias accidente,0.3257506145289862
4,solidaridad condolencias,0.3257506145289862
4,metro ciudad,0.3257506145289862
4,accidente línea,0.3257506145289862
4,presidente inauguración,0.32271097977892904
4,agua población,0.32148675631905577
4,tesla,0.3214867562476477
4,estadio,0.3146361746010155
4,asiste presidente,0.3146361741360016
4,línea metro,0.3121479514899095
4,luchadores,0.3115812634295681
5,islas marías,3.171267090914825
5,marías,3.171267090914825
5,islas,3.171267090914825
5,tianguis bienestar,1.6582486172355442
5,tianguis,1.6100721276827226
5,covid,1.4237260650667767
5,covid 19,1.3749414320974087
5,19,1.352920950928167
5,turístico islas,1.2750039285724826
5,turístico,1.1933678414592956
5,centro,1.1923135121224606
5,vacunar,1.1034544296609747
5,años,1.0681836948338714
5,18 años,1.0421449676664403
5,centro turístico,1.0252706072482733
5,mantiene,0.9703052392248218
5,mantiene tendencia,0.9522266600225419
5,18,0.9340472847913245
5,tendencia,0.9153761717209885
5,desarrollo,0.805744810226322
5,personas,0.786590574280864
5,19 mantiene,0.7688884860340143
5,proyectos,0.7642175874891006
5,mayores 18,0.756403578698887
5,personas mayores,0.756403578698887
5,escasos,0.7561444266786764
5,escasos recursos,0.7561444266786764
5,vacunar covid,0.721871466646806
5,casos,0.6961507406823659
5,baja,0.6780396833348643
5,tendencia baja,0.6717462090380297
5,expresa respaldo,0.6579541797322181
5,reducción,0.627614868689269
5,presidente expresa,0.6132176927588368
5,ola covid,0.609315992400391
5,expresa,0.6025430021051464
5,detona desarrollo,0.5912068667973621
5,detona,0.5912068667973621
5,maya detona,0.5912068667973621
5,méxico argentina,0.5911781275007048
5,ola,0.5748558763712459
5,electrificada,0.5734537565735525
5,senadores aprobación,0.5696397086352017
5,penal islas,0.5649388926730724
5,penal,0.5649388926730724
5,viernes,0.5645993430521746
5,desde islas,0.5591543703808546
5,desde,0.5591543703808546
5,senadores,0.5506702168216862
5,registro vacunar,0.5455440079954754
5,todas personas,0.5370141894352516
5,desarrollo económico,0.5365064344988717
5,situación,0.528005018577472
5,vacuna,0.5261352835452436
5,respaldo,0.5253930538374693
5,marías anuncia,0.517160805574751
5,familias escasos,0.514451197730477
5,diez,0.49045595091730765
5,presidente,0.47539799894801976
5,mil familias,0.4741760422694431
5,argentina,0.4702752387399967
5,proyectos estratégicos,0.46667261902656887
5,estratégicos,0.46667261902656887
5,salvar,0.46251245744927044
5,salvar vidas,0.46251245744927044
5,económico,0.45972332108465613
5,consecutivas,0.45931150001585497
5,semanas consecutivas,0.45931150001585497
5,cámara diputados,0.45688599602914554
5,siete,0.45548097259793724
5,vidas,0.45036607953011876
5,nacionalización,0.4471403230472868
5,decreta nacionalización,0.4471403230472868
5,decreta,0.4471403230472868
5,presidente decreta,0.4471403230472868
5,nacionalización litio,0.4471403230472868
5,cultural,0.4456025388995613
5,presidente muestra,0.42478744971647536
5,semanas,0.4152138107361584
5,afectadas contagios,0.41307666581156466
5,vacunadas afectadas,0.41307666581156466
5,méxico va,0.3995434337182409
5,vacuna mexicana,0.3916755588033195
5,mexicana patria,0.3916755588033195
5,avanza desarrollo,0.3916755588033195
5,patria covid,0.3916755588033195
5,19 periodo,0.39160485904811415
5,artistas mexicanos,0.3900926506101775
5,artistas,0.3900926506101775
5,respaldo compositores,0.3900926506101775
5,compositores artistas,0.3900926506101775
5,ruta electrificada,0.3889399927681102
5,futura ruta,0.3889399927681102
5,electrificada tren,0.3889399927681102
5,supervisa futura,0.3889399927681102
5,19 méxico,0.38892549843382107
5,litio,0.3869108854329027
5,quinta,0.3823596328493429
5,quinta ola,0.3823596328493429
5,reducción secretaría,0.38111663837350995
6,yaqui agua,0.5315719269205597
6,lázaro cárdenas,0.49980383029932407
6,lázaro,0.49980383029932407
6,cárdenas,0.4737546162074664
6,económica país,0.40753244282694484
6,país destacado,0.40753244282694484
6,destacado,0.40753244282694484
6,destacado año,0.40753244282694484
6,año presidente,0.3899609383377771
6,camino tonanitla,0.36239030198198174
6,cuota,0.36239030198198174
6,aifa libre,0.36239030198198174
6,libre cuota,0.36239030198198174
6,tonanitla,0.36239030198198174
6,tonanitla aifa,0.36239030198198174
6,situación fiscal,0.3507497601756613
6,controversia,0.3507497601756613
6,controversia constancia,0.3507497601756613
6,sat aclara,0.3507497601756613
6,constancia,0.3507497601756613
6,constancia situación,0.3507497601756613
6,aclara controversia,0.3507497601756613
6,convierte potencia,0.34815761546339086
6,méxico convierte,0.34815761546339086
6,social asegura,0.34815761546339086
6,económica dimensión,0.34815761546339086
6,convierte,0.34815761546339086
6,agua sinaloa,0.34677440691005457
6,aprovechar agua,0.34677440691005457
6,operación presa,0.34677440691005457
6,supervisa operación,0.34677440691005457
6,picachos aprovechar,0.34677440691005457
6,terrenos aifa,0.34648840501322375
6,aifa abastecerá,0.34648840501322375
6,abastecerá ciudad,0.34648840501322375
6,agua terrenos,0.34648840501322375
6,promueve empresarios,0.33691425054146634
6,estadounidenses inversiones,0.33691425054146634
6,empresarios estadounidenses,0.33691425054146634
6,económica américa,0.33691425054146634
6,integración económica,0.33691425054146634
6,inversiones integración,0.33691425054146634
6,pueblo yaqui,0.3334889356425347
6,abastecerá,0.33187934478194664
6,fiscal,0.3254218765758222
6,operación,0.32177632622009195
6,terrenos,0.3215140515506317
6,aclara,0.3172681190861279
6,convocatoria ingreso,0.31720252341179017
6,ingreso bachillerato,0.31720252341179017
6,bachillerato tecnológico,0.31720252341179017
6,bachillerato,0.31720252341179017
6,deportiva,0.31720252341179017
6,promoción deportiva,0.31720252341179017
6,tecnológico educación,0.31720252341179017
6,educación promoción,0.31720252341179017
6,reconoce lázaro,0.31171792328083275
6,inspiración ejemplo,0.31171792328083275
6,cárdenas fuente,0.31171792328083275
6,seguir cuarta,0.31171792328083275
6,fuente inspiración,0.31171792328083275
6,fuente,0.31171792328083275
6,epicentro tecpan,0.30936702090612117
6,tecpan guerrero,0.30936702090612117
6,guerrero destaca,0.30936702090612117
6,tecpan,0.30936702090612117
6,daños mayores,0.30936702090612117
6,mayores tras,0.30936702090612117
6,reconocer asunto,0.3090596515402764
6,scjn reconocer,0.3090596515402764
6,propondrá scjn,0.3090596515402764
6,sat,0.30497328480939495
6,promoción,0.3040146960692151
6,situación,0.3000939927528557
6,yaqui,0.29961345546436075
6,sin daños,0.29655944736063417
6,reconocer,0.2962669946255476
6,planteará banco,0.29540441026195113
6,planteará,0.29540441026195113
6,usar,0.29540441026195113
6,usar recursos,0.29540441026195113
6,méxico usar,0.29540441026195113
6,recursos fmi,0.29540441026195113
6,fmi pago,0.29540441026195113
6,banco méxico,0.29540441026195113
6,presidente planteará,0.29540441026195113
6,pago deuda,0.29540441026195113
6,indica,0.2927611751061858
6,restitución tierras,0.2927611751061858
6,agua restitución,0.2927611751061858
6,prioridad indica,0.2927611751061858
6,restitución,0.2927611751061858
6,tierras prioridad,0.2927611751061858
6,asamblea trabajadores,0.29032978305955676
6,hidalgo destaca,0.29032978305955676
6,alcanzar autosuficiencia,0.29032978305955676
6,trabajadores refinería,0.29032978305955676
6,esfuerzo alcanzar,0.29032978305955676
6,destaca esfuerzo,0.29032978305955676
6,celebra asamblea,0.29032978305955676
7,víctimas incendio,0.36206852584853366
7,migrantes víctimas,0.36206852584853366
7,incendio chihuahua,0.36206852584853366
7,trabajadores pemex,0.3596045768141001
7,energética trabajadores,0.3596045768141001
7,pemex afirma,0.3596045768141001
7,4t recupera,0.3596045768141001
7,recupera soberanía,0.3596045768141001
7,economista griego,0.3501315763702742
7,yanis varoufakis,0.3501315763702742
7,economista,0.3501315763702742
7,yanis,0.3501315763702742
7,nacional economista,0.3501315763702742
7,griego yanis,0.3501315763702742
7,griego,0.3501315763702742
7,varoufakis,0.3501315763702742
7,médica migrantes,0.34670336815246316
7,vacunarse reducir,0.33520438131624075
7,riesgos contagio,0.33520438131624075
7,contagio variante,0.33520438131624075
7,riesgos,0.33520438131624075
7,reducir riesgos,0.33520438131624075
7,continúan tareas,0.3348631937603407
7,exploración rescate,0.3348631937603407
7,exploración,0.3348631937603407
7,tareas exploración,0.3348631937603407
7,recupera,0.3335420803138967
7,cultura importante,0.33051460126777443
7,dedicado,0.33051460126777443
7,dedicado naturaleza,0.33051460126777443
7,importante méxico,0.33051460126777443
7,espacio chapultepec,0.33051460126777443
7,chapultepec dedicado,0.33051460126777443
7,llama vacunarse,0.3211429305268024
7,alcanza cobertura,0.31929325402839875
7,abril alcanza,0.31929325402839875
7,cobertura 66,0.31929325402839875
7,ciento aplicación,0.31929325402839875
7,66 ciento,0.31929325402839875
7,refuerzos,0.31929325402839875
7,aplicación refuerzos,0.31929325402839875
7,operativo abril,0.31929325402839875
7,soberanía energética,0.31829649696215373
7,espacio,0.31668074372355576
7,naturaleza,0.3166807437100446
7,naturaleza cultura,0.3166807437100446
7,variante,0.31116617236979294
7,variante ómicron,0.31116617236979294
7,heredar sistema,0.31040698536661215
7,llama jubilados,0.31040698536661215
7,heredar,0.31040698536661215
7,calidad méxico,0.31040698536661215
7,jubilados participar,0.31040698536661215
7,compromiso heredar,0.31040698536661215
7,66,0.30600396433670835
7,ómicron,0.30342759751156384
7,tareas,0.30312382768312846
7,jubilados,0.28842601645447985
7,alcanza,0.2738568720267386
7,austeridad talento,0.25236570789136126
7,talento mexicano,0.25236570789136126
7,arquitectura 2020,0.25236570789136126
7,2020 4t,0.25236570789136126
7,mexicano destaca,0.25236570789136126
7,arquitectura,0.25236570789136126
7,4t ejecuta,0.25236570789136126
7,ejecuta,0.25236570789136126
7,ingeniería,0.25236570789136126
7,ingeniería arquitectura,0.25236570789136126
7,premios nacionales,0.25236570789136126
7,estratégicas austeridad,0.25236570789136126
7,nacionales ingeniería,0.25236570789136126
7,ejecuta obras,0.25236570789136126
7,semarnat informe,0.2463512455706666
7,reserva,0.2463512455706666
7,afirma titular,0.2463512455706666
7,selva tropical,0.2463512455706666
7,tropical,0.2463512455706666
7,región gran,0.2463512455706666
7,tropical grande,0.2463512455706666
7,calakmul,0.2463512455706666
7,segunda reserva,0.2463512455706666
7,reserva selva,0.2463512455706666
7,informe tren,0.2463512455706666
7,calakmul segunda,0.2463512455706666
7,gran calakmul,0.2463512455706666
7,grande mundo,0.2463512455706666
7,talento,0.22967381812545093
7,segunda,0.21622845771327195
7,mundo afirma,0.04545455110855748
7,semarnat,0.04545454928812712
7,grande,0.04545454905865111
7,titular semarnat,0.045454548995636924
7,entrega premios,0.04545454887660614
7,estratégicas,0.04545454873149384
7,obras estratégicas,0.04545454873149384
7,selva,0.04545454822498519
7,nacionales,0.04545454802775453
7,vacunarse,0.045454547669110536
7,contagio,0.04545454721982481
8,petrolera,2.0667847060122817
8,clases presenciales,2.0229947114391567
8,presenciales,2.0229947114391567
8,clases,1.9560243347595245
8,rescate,1.7678825830987575
8,expropiación,1.6760536989684935
8,expropiación petrolera,1.6760536989684935
8,mineros coahuila,1.4629894126508896
8,aniversario expropiación,1.454128143543317
8,cambio climático,1.4138306175939994
8,climático,1.4138306175939994
8,mineros,1.3204244440414024
8,rescate mineros,1.2748029010541764
8,rescate industria,1.194386094109634
8,cambio,1.1746727768227565
8,coahuila,1.0999422313269107
8,zócalo,1.0051792889960078
8,esfuerzos,1.0025172625513015
8,industria,0.9705577827096535
8,industria petrolera,0.9670269728199854
8,presidente,0.9437151673629165
8,85,0.9433982116190788
8,1985,0.9359839957615579
8,sismos 1985,0.9359839957615579
8,1985 2017,0.9359839957615579
8,debe,0.9210094942825291
8,regreso,0.9209768284852483
8,víctimas sismos,0.9100482532682891
8,2017,0.9100482527926983
8,diciembre,0.90260196431699
8,regresar,0.8983633351162076
8,sismos,0.8294844722486633
8,85 aniversario,0.8282000069251297
8,presidente invita,0.8159188085448882
8,víctimas,0.7857204298708815
8,invita,0.7674547413479067
8,destaca esfuerzos,0.7365670258154864
8,aniversario,0.7181383584865062
8,haber,0.6957560500559563
8,debe haber,0.6957560500559563
8,energía cambio,0.6687748256690935
8,selección mexicana,0.6030860277639731
8,selección,0.6030860277639731
8,regresar clases,0.6012829882653755
8,voluntario,0.5893346638992067
8,regreso clases,0.5872129128627138
8,foro,0.5643315471377273
8,cumbre,0.559654368404533
8,estabilidad,0.554657872028719
8,asistirá,0.5448478203007869
8,presidente asistirá,0.5448478203007869
8,energía,0.5360396719993563
8,volver,0.5236872573301107
8,exclusión,0.513222884777697
8,cumbre américas,0.513222884777697
8,ramírez,0.4972449542755873
8,américas,0.49629503508501527
8,continente,0.4962950350560878
8,países continente,0.4962950350560878
8,fiesta,0.4863628571738476
8,genaro,0.4861312938934416
8,genaro garcía,0.4861312938934416
8,agosto,0.4859716884461637
8,educación,0.48246023096933077
8,no debe,0.4791750869020968
8,llaman,0.47319052992245053
8,luna,0.4661983394707879
8,garcía luna,0.4661983394707879
8,no,0.46280306856438874
8,facilitar,0.4587660835038084
8,profesionales,0.45025161255072654
8,esfuerzos rescate,0.444204860084694
8,reafirma,0.442625228455128
8,presidente destaca,0.43934110850553826
8,méxico estabilidad,0.4347623303979562
8,financiera política,0.4347623303979562
8,estabilidad financiera,0.4347623303979562
8,política presidente,0.4347623303979562
8,garcía,0.42952583237460323
8,presenciales voluntario,0.4188322961344718
8,voluntario reafirma,0.4188322961344718
8,dialoga foro,0.41466301160962094
8,rescatar,0.41145352258935936
8,foro energía,0.3967454633821441
8,exhorta regresar,0.39134527446229217
8,definitivamente clases,0.39134527446229217
8,regresar definitivamente,0.39134527446229217
8,destaca,0.3812235415289243
8,definitivamente,0.37455932724895197
8,esfuerzos méxico,0.37306681476860426
8,méxico hacer,0.37306681476860426
8,frente cambio,0.37306681476860426
8,dejaremos trabajar,0.36938214541029285
8,no dejaremos,0.36938214541029285
8,trabajar rescate,0.36938214541029285
8,financiera,0.36724580517756034
8,puntos,0.36416337662973425
8,destaca amistad,0.36416337662973425
8,coincidencia,0.36416337662973425
8,coincidencia sector,0.36416337662973425
9,mil barriles,0.6934594788861951
9,barriles diarios,0.6934594788861951
9,barriles,0.6934594788861951
9,diarios,0.674587009498971
9,olmeca,0.5656734937872407
9,producirá,0.5124118652504892
9,abasto agua,0.4847154361185916
9,refinería olmeca,0.47152512733949514
9,dialoga empresarios,0.4020901759372795
9,mexicanos estadounidenses,0.4020901759372795
9,estadounidenses washington,0.4020901759372795
9,atendidas programas,0.39207601332738834
9,mexicanas atendidas,0.39207601332738834
9,atendidas,0.39207601332738834
9,bienestar destaca,0.39207601332738834
9,empresarios mexicanos,0.38478278267337807
9,destaca belleza,0.36157658924655556
9,sobrevuelo supervisión,0.36157658924655556
9,sobrevuelo,0.36157658924655556
9,belleza,0.36157658924655556
9,belleza yucatán,0.36157658924655556
9,yucatán sobrevuelo,0.36157658924655556
9,chapultepec naturaleza,0.3613406503721599
9,elemento proyecto,0.3613406503721599
9,proyecto chapultepec,0.3613406503721599
9,inaugura elemento,0.3613406503721599
9,elemento,0.3613406503721599
9,alemania cuba,0.3580742823413522
9,ayuda alemania,0.3580742823413522
9,ofrece ayuda,0.3580742823413522
9,méxico ofrece,0.3580742823413522
9,cuba materia,0.3580742823413522
9,refuerzo acciones,0.3504477895977918
9,acciones abasto,0.3504477895977918
9,decreto refuerzo,0.3504477895977918
9,supervisión tren,0.34623530555049303
9,naturaleza,0.3460108162317158
9,naturaleza cultura,0.3460108162317158
9,mil mdd,0.33933474633136373
9,remesas informa,0.33933474633136373
9,recibirá 60,0.33933474633136373
9,mdd remesas,0.33933474633136373
9,60 mil,0.33933474633136373
9,yucatán quintana,0.3368025442085815
9,privilegia cuidado,0.3368025442085815
9,maya privilegia,0.3368025442085815
9,ambiente yucatán,0.3368025442085815
9,presupuesto favor,0.33396137216551997
9,permiten presupuesto,0.33396137216551997
9,finanzas sanas,0.33396137216551997
9,favor desarrollo,0.33396137216551997
9,económico afirma,0.33396137216551997
9,sanas permiten,0.33396137216551997
9,refinería,0.3326480005643067
9,continente americano,0.3320089789686732
9,necesaria integración,0.3320089789686732
9,americano beneficio,0.3320089789686732
9,beneficio pueblos,0.3320089789686732
9,refinerías nuevo,0.3295908108597307
9,complejo olmeca,0.3295908108597307
9,nuevo complejo,0.3295908108597307
9,olmeca tabasco,0.3295908108597307
9,supervisión refinerías,0.3295908108597307
9,olmeca margen,0.3287676790588594
9,costo refinería,0.3287676790588594
9,aumento costo,0.3287676790588594
9,margen,0.3287676790588594
9,autorizado,0.3287676790588594
9,pemex presidente,0.3287676790588594
9,autorizado pemex,0.3287676790588594
9,margen autorizado,0.3287676790588594
9,demanda transparentar,0.32572085043864774
9,fideicomisos ine,0.32572085043864774
9,presidente demanda,0.32572085043864774
9,transparentar fideicomisos,0.32572085043864774
9,ine poder,0.32572085043864774
9,agua nuevo,0.32514495780868247
9,cuento,0.32372177047214956
9,bien cuento,0.32372177047214956
9,apoyo gente,0.32372177047214956
9,gente afirma,0.32372177047214956
9,cuento apoyo,0.32372177047214956
9,presidente salud,0.32372177047214956
9,privilegia,0.322663535105837
9,americano,0.3181025998245737
9,transparentar,0.31211963178003904
9,continente,0.30823586668801656
9,países continente,0.30823586668801656
9,costo,0.3052634713790025
9,demanda,0.30246941347508133
9,firmará acuerdo,0.2996400308186522
9,acueducto garantizará,0.2996400308186522
9,construir acueducto,0.2996400308186522
9,acuerdo nuevo,0.2996400308186522
9,león construir,0.2996400308186522
9,cuidado ambiente,0.29849273925104
9,me siento,0.2971170360920774
9,siento bien,0.29711703609175993
9,me,0.2971170360905947
9,diarios combustibles,0.2952235928818602
10,lópez,20.08968420140925
10,lópez obrador,19.43344862387102
10,obrador,19.43344862387102
10,andrés,15.837137576183897
10,manuel lópez,15.731419212511103
10,manuel,15.731419212511103
10,andrés manuel,15.731419212511103
10,presidente andrés,15.039891691857957
10,discurso,10.576989638954752
10,discurso presidente,9.866741241530645
10,aniversario,7.956945914814237
10,presidente,6.361492844609745
10,presidente lópez,5.652258318250477
10,independencia,5.232219318173442
10,fotogalería,5.206840958721455
10,mexicana,5.084002284589534
10,revolución,3.520743059175309
10,encabeza,3.3189665472990857
10,ceremonia,3.1879328628245274
10,revolución mexicana,3.159032381083834
10,cumbre,3.107435520160996
10,años,2.9259753551958654
10,conmemoración,2.7450516240963823
10,200,2.744998065441619
10,grito,2.7029061907206273
10,grito independencia,2.7029061907206273
10,protesta,2.5483287698398795
10,presidente encabeza,2.4386051948519567
10,200 años,2.3973226713639617
10,méxico,2.3556872436047724
10,el,2.310190923519074
10,palabras,2.308602234644029
10,palabras presidente,2.308602234644029
10,líderes,2.3061517128621207
10,prensa,2.2274617600787208
10,cumbre líderes,2.1904978123872136
10,informe,2.0969683858158765
10,año,2.031161174730773
10,conferencia prensa,1.9789022323336776
10,matutina,1.9789022323336776
10,prensa matutina,1.9789022323336776
10,líderes américa,1.9748151854337386
10,américa norte,1.9716774357954543
10,aniversario grito,1.9634201642358518
10,2018,1.954992441929621
10,obrador visita,1.9507952791863374
10,aniversario natalicio,1.9317386139960748
10,gobierno,1.9159896425282765
10,natalicio,1.90456187778688
10,conferencia,1.8546922161106878
10,inicio,1.8248878093587617
10,norte,1.813201179325202
10,desfile,1.803162252172055
10,américa,1.7765843159629457
10,primer,1.7489675543392396
10,2019,1.7213203203590517
10,aniversario independencia,1.7179042768178108
10,aniversario revolución,1.6872801551782322
10,independencia méxico,1.6735591864822628
10,versión,1.659410943595102
10,versión estenográfica,1.659410943595102
10,estenográfica,1.659410943595102
10,aniversario inicio,1.6467475772499003
10,asiste presidente,1.623815812379196
10,día,1.6035097164314018
10,ministro scjn,1.5871132582013108
10,matutina presidente,1.5844887102235272
10,gobierno 2018,1.5347052782144626
10,encabeza ceremonia,1.5255463907339715
10,asiste,1.5240894609875206
10,visita,1.5089261490402566
10,inicio revolución,1.4945032466211452
10,toma protesta,1.4802375730842416
10,211,1.4781582439838603
10,ministro,1.4524561068224466
10,informe gobierno,1.4412628401520151
10,210 aniversario,1.4170532826113933
10,aérea mexicana,1.4004854717572965
10,fuerza aérea,1.4004854717572965
10,salutación fuerzas,1.3921874462365755
10,ceremonia salutación,1.3921874462365755
10,salutación,1.3921874462365755
10,toma,1.3889740718473684
10,obrador encabeza,1.3731679897731837
10,presidente invita,1.364060161811996
10,210,1.3550123086916153
10,fuerza,1.3476130736885565
10,año gobierno,1.3086757206595614
10,scjn,1.3027455824652423
10,estenográfica conferencia,1.283128727272458
10,cívico,1.2767492439711374
10,aérea,1.275829933502568
10,109,1.270102446272953
10,109 aniversario,1.270102446272953
10,invita,1.2549020631647598
10,presidente constitucional,1.252488574379748
10,obrador conmemoración,1.2317114449946538
10,obrador informe,1.2309858852254485
10,obrador día,1.216536315696621
10,consumación independencia,1.2005758189310543
11,entrega directa,0.9832460739368671
11,directa,0.9239931456612489
11,directa apoyos,0.7615919247909805
11,méxico afirma,0.5599137555889352
11,cuba fortalecen,0.5534239384765066
11,méxico cuba,0.5350412716405241
11,atender emergencia,0.5112931404501467
11,cofepris presenta,0.4943621390150278
11,cofepris,0.4943621390150278
11,inicia entrega,0.4861240090547359
11,atendidos gobierno,0.48258635390671806
11,sonora atendidos,0.48258635390671806
11,atendidos,0.44632105038544917
11,expresa,0.4453579045485114
11,ayudan revertir,0.36665708971019817
11,robo combustibles,0.36665708971019817
11,revertir robo,0.36665708971019817
11,armadas ayudan,0.36665708971019817
11,encuentro campeche,0.35749599332936133
11,fortalecen lazos,0.35749599332936133
11,cooperación encuentro,0.35749599332936133
11,tecnológica,0.3571684299014678
11,austeridad fortalece,0.3571684299014678
11,tecnológica méxico,0.3571684299014678
11,fortalece soberanía,0.3571684299014678
11,soberanía tecnológica,0.3571684299014678
11,corrupción austeridad,0.3571684299014678
11,bombeo,0.3548575640749594
11,bombeo agua,0.3548575640749594
11,refuerzan bombeo,0.3548575640749594
11,agua rescatar,0.3548575640749594
11,cristina,0.35113944219092713
11,cristina fernández,0.35113944219092713
11,vicepresidenta argentina,0.35113944219092713
11,argentina cristina,0.35113944219092713
11,solidaridad vicepresidenta,0.35113944219092713
11,rescatar trabajadores,0.3291888889683148
11,refuerzan,0.3291888889504676
11,aplicarse vacuna,0.3289116611889922
11,aplicarse,0.3289116611889922
11,vacuna refuerzo,0.3289116611889922
11,cediendo,0.3289116611889922
11,19 cediendo,0.3289116611889922
11,cediendo méxico,0.3289116611889922
11,presidente llaman,0.3289116611889922
11,llaman aplicarse,0.3289116611889922
11,lazos,0.3239701531561402
11,lazos cooperación,0.3239701531107557
11,creación consejo,0.32319490725628547
11,reforma instituto,0.32319490725628547
11,migrantes reforma,0.32319490725628547
11,consejo proteger,0.32319490725628547
11,proteger migrantes,0.32319490725628547
11,nacional migración,0.32319490725628547
11,labores auxilio,0.3192825240182982
11,continúan labores,0.3192825240182982
11,inundaciones afirma,0.3192825240182982
11,auxilio entrega,0.3192825240182982
11,apoyos damnificados,0.3192825240182982
11,ayuda damnificados,0.3178376275898693
11,directa enseres,0.3178376275898693
11,agatha inicia,0.3178376275898693
11,supervisa ayuda,0.3178376275898693
11,damnificados agatha,0.3178376275898693
11,enseres recursos,0.3178376275898693
11,pedro castillo,0.31425409287553063
11,carta pedro,0.31425409287553063
11,pedro,0.31425409287553063
11,castillo envió,0.31425409287553063
11,envió prisión,0.31425409287553063
11,prisión perú,0.31425409287553063
11,prisión,0.31425409287553063
11,envió,0.31425409287553063
11,comparte carta,0.31425409287553063
11,fernández,0.3109444562029367
11,tras disturbios,0.3068040929990655
11,brasil tras,0.3068040929990655
11,disturbios poder,0.3068040929990655
11,respaldo lula,0.3068040929990655
11,disturbios,0.3068040929990655
11,lula brasil,0.3068040929990655
11,amlo expresa,0.3068040929990655
11,2023 protección,0.3050042754262686
11,celulares,0.3050042754262686
11,sísmica,0.3050042754262686
11,sistema alerta,0.3050042754262686
11,alerta sísmica,0.3050042754262686
11,llegará celulares,0.3050042754262686
11,mexicano llegará,0.3050042754262686
11,celulares 2023,0.3050042754262686
11,sísmica mexicano,0.3050042754262686
11,donará millones,0.3040690408428641
11,ayudar atender,0.3040690408428641
11,millones dólares,0.3040690408428641
11,méxico donará,0.3040690408428641
11,dólares,0.3040690408428641
11,siria ayudar,0.3040690408428641
11,emergencia sismos,0.3040690408428641
11,dólares siria,0.3040690408428641
11,4t beneficio,0.3032640436129735
12,fuerte san,0.5311190411265103
12,juan ulúa,0.5311190411265103
12,ulúa,0.5311190411265103
12,san juan,0.5311190411265103
12,juan,0.5135435558229562
12,fuerte,0.4999109502563925
12,restauración,0.4816761751310078
12,inflación méxico,0.4451096240411732
12,pronostica baja,0.44510962394254505
12,presidente pronostica,0.4306466932245288
12,baja inflación,0.4306466931997713
12,pronostica,0.41663499245171964
12,pandemia fentanilo,0.35712315360308916
12,presidente fomenta,0.35712315360308916
12,internacional acabar,0.35712315360308916
12,acabar pandemia,0.35712315360308916
12,fomenta cooperación,0.35712315360308916
12,mariano,0.3548380959037242
12,leyenda béisbol,0.3548380959037242
12,rivera,0.3548380959037242
12,rivera leyenda,0.3548380959037242
12,mariano rivera,0.3548380959037242
12,leyenda,0.3548380959037242
12,nacional mariano,0.3548380959037242
12,días anuncia,0.3518723154431715
12,cada quince,0.3518723154431715
12,presentará cada,0.3518723154431715
12,quince,0.3518723154431715
12,seguridad presentará,0.3518723154431715
12,quince días,0.3518723154431715
12,profesional sureste,0.3441525422233494
12,formación académica,0.3441525422233494
12,impulsa formación,0.3441525422233494
12,académica profesional,0.3441525422233494
12,académica,0.3441525422233494
12,combustible baja,0.3382949985869544
12,baja cierre,0.3382949985869544
12,cierre 2022,0.3382949985869544
12,profesional,0.3296568405828455
12,diciembre anuncia,0.325848479536312
12,rehabilitación fuerte,0.325848479536312
12,ulúa concluirá,0.325848479536312
12,concluirá diciembre,0.325848479536312
12,infraestructura aifa,0.32078866459311284
12,aifa capacidad,0.32078866459311284
12,recibir 400,0.32078866459311284
12,capacidad recibir,0.32078866459311284
12,mil toneladas,0.32078866459311284
12,toneladas carga,0.32078866459311284
12,luchas justicia,0.3183079393933081
12,invitados festejos,0.3183079393933081
12,patrios simbolizan,0.3183079393933081
12,simbolizan,0.3183079393933081
12,simbolizan ideales,0.3183079393933081
12,luchas,0.3183079393933081
12,invitados,0.3183079393933081
12,ideales luchas,0.3183079393933081
12,aceptará,0.3123333001238631
12,consumo humano,0.3123333001238631
12,amarillo consumo,0.3123333001238631
12,ingreso maíz,0.3123333001238631
12,aceptará ingreso,0.3123333001238631
12,maíz amarillo,0.3123333001238631
12,humano,0.3123333001238631
12,humano afirma,0.3123333001238631
12,méxico aceptará,0.3123333001238631
12,cada,0.31158096293421256
12,formación,0.31139441623745284
12,fentanilo,0.3103910410479936
12,secuestro estrategia,0.307433910757823
12,seguridad fomenta,0.307433910757823
12,incidencia secuestro,0.307433910757823
12,registró baja,0.307433910757823
12,registró,0.307433910757823
12,noviembre registró,0.307433910757823
12,fomenta paz,0.307433910757823
12,toneladas,0.307426803120762
12,progreso económico,0.3061795044371379
12,pueblo prevaleció,0.3061795044371379
12,presidente evaluar,0.3061795044371379
12,evaluar progreso,0.3061795044371379
12,prevaleció 2022,0.3061795044371379
12,prevaleció,0.3061795044371379
12,festejos patrios,0.30506646660720793
12,patrios,0.30506646660720793
12,tecomán,0.30223888845278407
12,magnitud,0.30223888845278407
12,se activa,0.30223888845278407
12,activa plan,0.30223888845278407
12,sismo magnitud,0.30223888845278407
12,magnitud tecomán,0.30223888845278407
12,iii sismo,0.30223888845278407
12,activa,0.30223888845278407
12,tecomán colima,0.30223888845278407
12,amarillo,0.29938177434920754
12,impulsa plan,0.29647701766929346
12,intercambio américa,0.29647701766929346
12,fomentar intercambio,0.29647701766929346
12,ayuda mutua,0.29647701766929346
12,antiinflacionario ayuda,0.29647701766929346
13,tren,16.48621821414596
13,palacio,16.39254554591039
13,palacio nacional,16.30425433863652
13,maya,16.056765094391082
13,tren maya,15.607010198057733
13,presidente,15.304443878787135
13,nacional,14.97843252692333
13,reúne,13.23965774301075
13,presidente reúne,12.948793927315995
13,recibe,11.570378378573103
13,presidente recibe,10.722448971031687
13,supervisa,5.816367082530267
13,presidente supervisa,5.445210004718744
13,recibe palacio,5.218067059072476
13,tramo,4.759558204335263
13,felipe,4.298685098417521
13,visita,4.168631561603786
13,construcción,4.120765913535951
13,felipe ángeles,4.037207395085521
13,ángeles,4.037207395085521
13,obras,3.953818388089769
13,aeropuerto,3.8462511133287642
13,méxico,3.8272079942548847
13,obra,3.725228695790282
13,la,3.4702259452075546
13,representantes,3.457215508201511
13,sureste,3.3865960937091457
13,tramo tren,3.376578487241461
13,oficial,3.271167133493259
13,embajadores,3.253849868250118
13,avances,3.092285865453407
13,visita oficial,3.011849291617222
13,presidente conmemora,3.001635424550565
13,cartas,2.8970767413471257
13,conmemora,2.889850303273326
13,cartas credenciales,2.728492514089814
13,credenciales,2.728492514089814
13,afirma,2.727670499420913
13,proyecto,2.647014763498169
13,yucatán,2.5834125557379095
13,gobernador,2.575596900252083
13,puebla,2.4094189888035333
13,quintana roo,2.261726544172238
13,quintana,2.261726544172238
13,destaca,2.257811209014456
13,refrenda,2.2069514739104115
13,fotogalería,2.204176439209369
13,roo,2.1970329295825626
13,ciento,2.181961908145274
13,construcción tren,2.138591316659599
13,presidente constata,2.1311415259908166
13,constata,2.1139666609333694
13,tramos,2.1129644317742615
13,campeche,2.1014984534352283
13,reúne representantes,2.0593772409574
13,presidente visita,2.0328985377772972
13,obras tren,2.028051690755882
13,ambiente,1.9710643301809299
13,zonas arqueológicas,1.9680057484692368
13,aeropuerto felipe,1.9590770760066614
13,da,1.955079163653022
13,gobernadores,1.9426805037863533
13,arqueológicas,1.9408414230559494
13,felicita,1.9330343728446129
13,electo,1.92381699443909
13,directivos,1.9236990831492597
13,aeropuerto internacional,1.9220815286598418
13,general,1.9176596659668421
13,refinería,1.9142148018380958
13,país,1.8761124844261277
13,presidente refrenda,1.848563141090222
13,la escuela,1.8148615572411673
13,escuela nuestra,1.8148615572411673
13,nuestra,1.8148615572411673
13,dialoga,1.8068670864592546
13,recibe visita,1.757258969775786
13,presidente felicita,1.752698780283819
13,escuela,1.7405611244328998
13,soberanía,1.7370657174215463
13,agua,1.7084435168926075
13,internacional,1.652627342603524
13,bienestar,1.6511211717099223
13,gabinete palacio,1.6503522547504101
13,reúne gabinete,1.6503522547504101
13,constata avances,1.6404994067166305
13,anuncia,1.6169339199389037
13,zonas,1.6102593786497013
13,reúne palacio,1.6102429960584486
13,reúnen palacio,1.6002162294686966
13,gabinete,1.5822955193956498
13,construcción aeropuerto,1.5814813883161352
13,infraestructura,1.5788110674906697
13,presidente dialoga,1.5755277318095948
13,recibe cartas,1.5719258147825346
13,director,1.562715722191525
13,avance,1.552150709060754
13,reúne gobernador,1.5493750821194523
13,fotogalería visita,1.534614934009366
13,reúnen,1.5299496429320023
13,tiempo,1.5273296933663678
14,internacional mujeres,0.5680177712071499
14,inaugura modernización,0.5417951015226037
14,mejoramiento zonas,0.5395278672064411
14,complejo,0.5338382232623833
14,crecimiento justo,0.3905418295485479
14,procura crecimiento,0.3905418295485479
14,justo país,0.3905418295485479
14,décimo,0.38531818480717556
14,décimo incorporado,0.38531818480717556
14,incorporado,0.38531818480717556
14,michoacán décimo,0.38531818480717556
14,incorporado plan,0.38531818480717556
14,hidráulicas beneficio,0.37883081640547167
14,obras hidráulicas,0.37883081640547167
14,hidráulicas,0.37883081640547167
14,beneficio cuatro,0.37883081640547167
14,argentina mundial,0.3761611020370679
14,fútbol 2022,0.3761611020370679
14,triunfo argentina,0.3761611020370679
14,mundial fútbol,0.3761611020370679
14,avances obras,0.36265219113262837
14,marías viernes,0.36064831505933453
14,inaugurará complejo,0.36064831505933453
14,complejo turístico,0.36064831505933453
14,fútbol,0.36011203692292776
14,la cuarta,0.3519958555260155
14,feminista,0.3519958555260155
14,feminista afirma,0.3519958555260155
14,transformación feminista,0.3519958555260155
14,presidente inaugurará,0.3453520797018498
14,la pera,0.3388837651431301
14,pera cuautla,0.3388837651431301
14,pera,0.3388837651431301
14,cuautla morelos,0.3388837651431301
14,cuautla,0.3388837651431301
14,modernización carretera,0.3388837651431301
14,carretera la,0.3388837651431301
14,pronto realidad,0.3357835496483765
14,sueño,0.3357835496483765
14,sueño pronto,0.3357835496483765
14,realidad presidente,0.3357835496483765
14,maya sueño,0.3357835496483765
14,acuerdos cooperación,0.3258109920623544
14,méxico logra,0.3258109920623544
14,regional cumbre,0.3258109920623544
14,logra acuerdos,0.3258109920623544
14,modernización,0.32257271914241153
14,evalúa gabinete,0.3195037796766577
14,4t reafirman,0.3195037796766577
14,reafirman compromiso,0.3195037796766577
14,trabajar pueblo,0.3195037796766577
14,gabinete avances,0.3195037796766577
14,abierta servicios,0.31824838370008196
14,atenderá población,0.31824838370008196
14,población abierta,0.31824838370008196
14,guerrero atenderá,0.31824838370008196
14,servicios médicos,0.31824838370008196
14,abierta,0.31824838370008196
14,arqueológicas protección,0.31602299843484005
14,protección áreas,0.31602299843484005
14,naturales fundamentales,0.31602299843484005
14,fundamentales obra,0.31602299843484005
14,escolín poza,0.31579927378214934
14,visita complejo,0.31579927378214934
14,petroquímico escolín,0.31579927378214934
14,fotogalería presidente,0.31579927378214934
14,escolín,0.31579927378214934
14,rica veracruz,0.31579927378214934
14,avances gobierno,0.30620427316500715
14,bienestar guerrero,0.3050098010911188
14,realidad,0.30394324859265626
14,inaugurará,0.3039067567705139
14,complejo petroquímico,0.3026795455649461
14,petroquímico,0.3026795455649461
14,rezago habitacional,0.29928683074161694
14,superar rezago,0.29928683074161694
14,vivienda visión,0.29928683074161694
14,visión social,0.29928683074161694
14,habitacional,0.29928683074161694
14,social ayudan,0.29928683074161694
14,rezago,0.29928683074161694
14,habitacional méxico,0.29928683074161694
14,ayudan superar,0.29928683074161694
14,modernidad tren,0.2941595600266574
14,combina intensa,0.2941595600266574
14,combina,0.2941595600266574
14,arqueológicas inah,0.2941595600266574
14,labor programa,0.2941595600266574
14,intensa,0.2941595600266574
14,intensa labor,0.2941595600266574
14,maya combina,0.2941595600266574
14,económica social,0.28812973115333473
14,igualdad económica,0.28812973115333473
14,social género,0.28812973115333473
14,luchando igualdad,0.28812973115333473
14,género afirma,0.28812973115333473
14,seguir luchando,0.28812973115333473
14,fundamental seguir,0.28812973115333473
14,visión,0.2869684451743673
14,carretera,0.28379816447196166
15,softball yucatecos,0.44745014065001937
15,juega,0.44745014065001937
15,juega softball,0.44745014065001937
15,presidente juega,0.44745014065001937
15,yucatecos,0.44745014065001937
15,softball,0.44745014065001937
15,muera corrupción,0.3336425257116424
15,racismo presidente,0.3336425257116424
15,clasismo racismo,0.3336425257116424
15,presidente 212,0.3336425257116424
15,muera,0.3336425257116424
15,corrupción clasismo,0.3336425257116424
15,etapa central,0.3297448970071516
15,fotovoltaica puerto,0.3297448970071516
15,fotovoltaica,0.3297448970071516
15,central fotovoltaica,0.3297448970071516
15,clasismo,0.3196568711534615
15,peñasco sonora,0.315948392987116
15,peñasco,0.315948392987116
15,puerto peñasco,0.315948392987116
15,democracia méxico,0.3077099087794108
15,presidente ine,0.3077099087794108
15,ine tepjf,0.3077099087794108
15,electoral fortalecerá,0.3077099087794108
15,tepjf desaparecerán,0.3077099087794108
15,fortalecerá democracia,0.3077099087794108
15,tepjf,0.3077099087794108
15,desaparecerán asegura,0.3077099087794108
15,desaparecerán,0.3077099087794108
15,reforma leyes,0.3034955332664699
15,electoral generará,0.3034955332664699
15,ahorros auténtica,0.3034955332664699
15,racismo,0.2957482366661184
15,secundarias materia,0.2909729009285942
15,auténtica democracia,0.2909729008836426
15,auténtica,0.2909729008836426
15,compra 13,0.2831343581551811
15,energía iberdrola,0.2831343581551811
15,generará precios,0.2831343581551811
15,iberdrola generará,0.2831343581551811
15,13 plantas,0.2831343581551811
15,democracia presidente,0.2820879518515085
15,materia electoral,0.275196249813631
15,plantas generación,0.27159984598996145
15,iberdrola,0.27159984598996145
15,justos consumidores,0.27159984597045134
15,generación energía,0.26341597939581773
15,reforestará,0.26254703732813844
15,región área,0.26254703732813844
15,compromiso decretar,0.26254703732813844
15,decretar,0.26254703732813844
15,decretar región,0.26254703732813844
15,vida reforestará,0.26254703732813844
15,reforestará sierra,0.26254703732813844
15,convierten,0.2613913401855778
15,más millón,0.2613913401855778
15,ofrece soluciones,0.2613913401855778
15,pesos crédito,0.2613913401855778
15,millón familias,0.2613913401855778
15,vivienda derechohabientes,0.2613913401855778
15,familias convierten,0.2613913401855778
15,infonavit fovissste,0.2613913401855778
15,fovissste,0.2613913401855778
15,soluciones vivienda,0.2613913401855778
15,convierten pesos,0.2613913401855778
15,fovissste ofrece,0.2613913401855778
15,crédito infonavit,0.2613913401855778
15,soluciones,0.23299747276322227
15,más,0.23299747263077497
15,corrupción,0.23208037824345748
15,presidente,0.10425452689504514
15,pesos,0.04545455095239596
15,crédito,0.04545454948537598
15,generará ahorros,0.045454547518929266
15,fortalecerá,0.04545454729763855
15,derechohabientes,0.04545454724581959
15,infonavit,0.04545454700572839
15,13,0.04545454700271331
15,consumidores afirma,0.045454546782293284
15,sierra san,0.045454546776804015
15,miguelito,0.045454546776804015
15,san miguelito,0.045454546776804015
15,miguelito presidente,0.045454546776804015
15,millón,0.04545454671839541
15,ine,0.045454546284497625
15,leyes,0.04545454618462471
15,secundarias,0.04545454618462471
15,leyes secundarias,0.04545454618462471
15,generará,0.045454546004476154
15,212 aniversario,0.0454545459367128
15,212,0.0454545459367128
15,vivienda,0.04545454589841929
15,cumple compromiso,0.04545454586866265
15,justos,0.045454545836441346
15,precios justos,0.045454545836441346
15,presidente cumple,0.04545454579501083
15,central,0.045454545769683115
15,plantas,0.04545454574716577
15,reforma electoral,0.04545454573354381
15,ofrece,0.04545454571626471
16,presidente,19.471461356171645
16,anuncia,17.378048356975896
16,salud,15.125845114499727
16,covid,14.841880368774675
16,19,14.671243001319596
16,covid 19,14.475630145759565
16,plan,12.465985008732893
16,presidente anuncia,12.360389853419221
16,bienestar,10.69916750051738
16,vacunación,9.182916971722308
16,imss,7.669671244836823
16,imss bienestar,6.9352846261990715
16,firma,6.880806794345631
16,médicos,6.594298318825439
16,anuncia presidente,6.554925539307597
16,méxico,6.444803207781764
16,plan salud,6.142529677123523
16,personal,6.080766682797406
16,mil,6.005939214701524
16,hospitales,5.591814903546211
16,presidente firma,5.383057828296718
16,inversión,5.305808392464472
16,vacunación covid,5.197870740315092
16,avanza,4.916783663817682
16,gobierno,4.909612150109792
16,mayores,4.883301084044294
16,presidente inaugura,4.8434352248888635
16,inaugura,4.760544332905729
16,especialistas,4.661497826928168
16,inicia,4.614187996777743
16,país,4.3309180944162105
16,secretaría,4.215546943175278
16,médicos especialistas,4.177124067855027
16,nacional,4.175984678996964
16,presenta,4.14925642686484
16,oaxaca,4.04566463698937
16,adultos mayores,3.9233408793202074
16,adultos,3.9233408793202074
16,hospital,3.7222728955170603
16,salud bienestar,3.708080185579274
16,afirma,3.633881134913021
16,salario,3.616651185303101
16,rurales,3.6130599102071432
16,pública,3.5965968782907694
16,millones,3.589727587800136
16,nueva,3.392985323997259
16,caminos,3.368167814783687
16,instituto,3.350879029482779
16,acuerdo,3.336833166695812
16,nayarit,3.3181873381280527
16,anuncia inversión,3.26661463762672
16,tehuantepec,3.2063745539298263
16,dosis,3.192213278217525
16,istmo,3.1602683854257645
16,entrega,3.127941387956426
16,medicamentos,3.127000792909749
16,incremento,3.1156509490568722
16,salud imss,3.0911755412621296
16,convenio,3.0647079889744417
16,futuro,3.0346650381875087
16,universidad,3.032123982990802
16,plan nacional,3.0319277723590377
16,jóvenes,3.0215343082904313
16,vacuna,3.003112149861221
16,programa,2.996226879623465
16,contagios,2.964555122695246
16,rehabilitación,2.963573092250735
16,universal,2.944007790077612
16,supervisa,2.9434530346820225
16,destaca,2.916709454920114
16,niñas niños,2.9151181609548464
16,presidente presenta,2.9112894243793703
16,niñas,2.8856786859004457
16,presidente amlo,2.8741945211549353
16,amlo,2.8575952052216356
16,jóvenes construyendo,2.844399942230051
16,construyendo futuro,2.844399942230051
16,construyendo,2.844399942230051
16,sistema,2.840371288113999
16,niños,2.8081235720556434
16,istmo tehuantepec,2.8009610270412
16,hospitales rurales,2.7859074462828777
16,personal salud,2.785711371471898
16,personas,2.7826809555061147
16,primera,2.7760588671094877
16,pensiones,2.7721021494009945
16,pesos,2.757980295673571
16,baja,2.736134265083412
16,abasto,2.7023250926388243
16,epidemia,2.684586484558722
16,vacunas,2.672185609644448
16,millones pesos,2.644728619511874
16,apoyo,2.6264241520970897
16,construcción,2.5812931027737736
16,aplicación,2.5796152712398444
16,plan apoyo,2.5670330184494183
16,vehículos,2.5503830140433523
16,regularización,2.53336422179033
16,avance,2.521740031020337
16,mínimo,2.4998547142622165
17,justin trudeau,1.0220471852542528
17,justin,1.0220471852542528
17,trudeau,1.0220471852542528
17,asesinato periodista,0.770976599218056
17,periodista,0.7498465241162577
17,permitirá,0.7089252086167221
17,controlar inflación,0.5653456452645583
17,elecciones brasil,0.5626905577331244
17,canadá justin,0.5404357707085727
17,alimentos,0.4949211380689708
17,buen año,0.4907931998068983
17,2023 buen,0.4907931998068983
17,año afirma,0.46918108211148657
17,asesinato,0.4324039325955059
17,américa respeto,0.3637173639309105
17,soberanía pueblos,0.3637173639309105
17,llamado integración,0.3637173639309105
17,pensiones rehabilitación,0.35034164321501476
17,acceso pensiones,0.35034164321501476
17,garantiza personas,0.35034164321501476
17,discapacidad acceso,0.35034164321501476
17,rehabilitación presidente,0.35034164321501476
17,plan conjunto,0.3416218057753521
17,presentará gobierno,0.3416218057753521
17,propuesta plan,0.3416218057753521
17,conjunto antiinflacionario,0.3416218057753521
17,unidos propuesta,0.3416218057753521
17,servicio taxis,0.329330009909608
17,taxis,0.329330009909608
17,trasladarse aeropuerto,0.329330009909608
17,trasladarse,0.329330009909608
17,aéreos trasladarse,0.329330009909608
17,taxis aéreos,0.329330009909608
17,aéreos,0.329330009909608
17,anuncia servicio,0.329330009909608
17,enviará ayuda,0.32839259697059564
17,méxico enviará,0.32839259697059564
17,tras terremoto,0.32839259697059564
17,haití tras,0.32839259697059564
17,terremoto anuncia,0.32839259697059564
17,terremoto,0.32839259697059564
17,bienestar gobernabilidad,0.3283105082787398
17,4t elecciones,0.3283105082787398
17,gobernabilidad afirma,0.3283105082787398
17,triunfo 4t,0.3283105082787398
17,tras triunfo,0.32561079257344566
17,silva tras,0.32561079257344566
17,dialoga lula,0.32561079257344566
17,triunfo elecciones,0.32561079257344566
17,méxico alcanza,0.3245229513298056
17,productores distribuidores,0.3245229513298056
17,acuerdo productores,0.3245229513298056
17,distribuidores,0.3245229513298056
17,alimentos controlar,0.3245229513298056
17,distribuidores alimentos,0.3245229513298056
17,alcanza acuerdo,0.3245229513298056
17,desbloqueo,0.31931333416864294
17,desbloqueo cuentas,0.31931333416864294
17,cuentas garcía,0.31931333416864294
17,agravio poder,0.31931333416864294
17,judicial afirma,0.31931333416864294
17,agravio,0.31931333416864294
17,luna agravio,0.31931333416864294
17,llama verdadera,0.3160868952547252
17,triunfe,0.3160868952547252
17,triunfe poder,0.3160868952547252
17,cumbre democracia,0.3160868952547252
17,verdadera triunfe,0.3160868952547252
17,verdadera,0.3160868952547252
17,2023 llama,0.3160868952547252
17,democracia 2023,0.3160868952547252
17,ebrard,0.3138328436828429
17,texas dirigido,0.3138328436828429
17,dirigido,0.3138328436828429
17,dirigido mexicanos,0.3138328436828429
17,marcelo ebrard,0.3138328436828429
17,marcelo,0.3138328436828429
17,tragedias marcelo,0.3138328436828429
17,mexicanos grandes,0.3138328436828429
17,grandes tragedias,0.3138328436828429
17,permitirá controlar,0.3127942182685402
17,importar alimentos,0.3127942182685402
17,alimentos permitirá,0.3127942182685402
17,importar,0.3127942182685402
17,inflación precios,0.3127942182685402
17,consumidores presidente,0.3127942182685402
17,impunidad asesinato,0.31189982894147533
17,antonio cruz,0.31189982894147533
17,habrá justicia,0.31189982894147533
17,cruz presidente,0.31189982894147533
17,justicia permitirá,0.31189982894147533
17,periodista antonio,0.31189982894147533
17,permitirá impunidad,0.31189982894147533
17,bienvenida primer,0.3096305358237187
17,trudeau aeropuerto,0.3096305358237187
17,demostró inclinación,0.3089158664879236
17,igualdad justicia,0.3089158664879236
17,el pueblo,0.3089158664879236
17,inclinación igualdad,0.3089158664879236
17,inclinación,0.3089158664879236
18,lamenta,3.591756609583489
18,presidente lamenta,3.4058741002360002
18,envía,2.8206581426753647
18,presidente envía,2.7351312561524366
18,fallecimiento,2.476005768536835
18,lamenta fallecimiento,2.4007836983573054
18,mensaje,1.8942290948108749
18,envía mensaje,1.885583923951349
18,tren maya,1.8173306985935551
18,revocación,1.8169936035771699
18,revocación mandato,1.8169936035771699
18,maya,1.8081878309342643
18,tren,1.7624520040922373
18,mandato,1.753412718970787
18,presidente,1.5304616445071906
18,consulta,1.5256116297396183
18,inah,1.3193216600186024
18,presentan avances,1.195237672247972
18,confirma,1.184627076834327
18,ruta,1.176258969933881
18,presidente confirma,1.072075786409829
18,arqueológico,1.063425022658954
18,periodistas,1.050668140282965
18,presentan,0.9511105931641883
18,familiares,0.915669982610112
18,avances,0.8849058325786069
18,ruta tren,0.8783657190700694
18,consulta ciudadana,0.7960548889816415
18,consulta revocación,0.7781701431664438
18,tramo,0.7628861851330668
18,arqueológicos,0.7559217363119041
18,hacer justicia,0.6859456306377456
18,salvamento,0.6711431232655729
18,salvamento arqueológico,0.6711431232655729
18,ruiz,0.6635040938345602
18,andy,0.6635040938345602
18,andy ruiz,0.6635040938345602
18,justicia periodistas,0.6626735869635777
18,estratégicas,0.6580523004179332
18,obras estratégicas,0.6580523004179332
18,actor,0.6467301124729727
18,año nuevo,0.6373144495315162
18,envía iniciativa,0.6142781616964612
18,lamenta asesinato,0.6135838769955033
18,ciudad juárez,0.6111514253196477
18,fallecidos,0.6041223822345086
18,tareas seguridad,0.5945787448930225
18,política cero,0.5931096090481839
18,maya inah,0.5892016258366376
18,marinos,0.5759434024698826
18,cero impunidad,0.5732907760116882
18,periodistas independientes,0.5678871746487774
18,avances búsqueda,0.5642566247876923
18,vestigios,0.562086395014082
18,puuc,0.5601913755300226
18,tareas,0.5592928262943165
18,estatal,0.5572070446273152
18,noviembre,0.5541656464376492
18,plan seguridad,0.5489811046008831
18,independientes,0.5489811045812814
18,construcción tren,0.5425412877797936
18,permanencia,0.5365748681794653
18,social periodistas,0.5360535665235727
18,presidente participa,0.5338368336061042
18,envía condolencias,0.5313574379779983
18,condolencias,0.521035189030381
18,infonavit,0.5199643656413893
18,búsqueda personas,0.5190205051981847
18,participa,0.5163817729055217
18,campeche,0.5148261208650464
18,personas,0.5123571073361751
18,cuerpos,0.5089603351441574
18,arqueológico ruta,0.5058266813036673
18,nacional deportes,0.505135068956802
18,derechohabientes,0.5042198382397353
18,créditos,0.49406080552211323
18,deportes,0.48849990544533467
18,búsqueda,0.48568304133871015
18,recibe,0.47525533823100213
18,mandato reelección,0.4739435230742875
18,reelección presidente,0.4739435230742875
18,tres,0.4737027418135758
18,museo,0.4572288059275717
18,proyectos estratégicos,0.44756731475579214
18,estratégicos,0.44756731475509026
18,cobertura municipios,0.4470007189363945
18,bienestar cobertura,0.4470007189363945
18,municipios país,0.4470007189363945
18,tabasco,0.43918150769214537
18,presenta informe,0.43833576191718393
18,mexicanos año,0.4349055807147732
18,mensaje mexicanos,0.4349055807147732
18,hacer,0.43440420403039626
18,celac,0.43173535796277823
18,daños,0.43170149985142137
18,inicio año,0.4295290036949033
18,año 2019,0.4295290036949033
18,mensaje inicio,0.4295290036949033
18,anexo tres,0.4273721558567326
18,tres extracto,0.4273721558567326
19,banco bienestar,4.205714163346969
19,banco,4.132440888647891
19,sucursal,1.6504172254189438
19,sucursal banco,1.4461767413121007
19,daños,1.311371164699635
19,presidente da,1.288097761124958
19,compromiso reelección,1.2319562255078782
19,reelección,1.2028752697524734
19,sismo,1.1770417836280147
19,da,1.1468403055216194
19,sucursales banco,1.1425247868489563
19,sin,1.1312433275835214
19,sucursales,1.1077793464196528
19,gesta,0.9963038915193386
19,gesta heroica,0.9963038915193386
19,aniversario gesta,0.9963038915193386
19,niños héroes,0.9963038915193386
19,heroica,0.9963038915193386
19,inaugura sucursal,0.9796560657993394
19,héroes,0.9362259262679494
19,niños,0.825658082159613
19,chapultepec,0.817282465759972
19,reuniones,0.8132811103532298
19,héroes chapultepec,0.7979635315930624
19,sismo epicentro,0.7953778263576955
19,epicentro,0.7953778263576955
19,seguimiento,0.7823881793224791
19,notario,0.7289418680880474
19,daños sismo,0.7202227337660071
19,tras sismo,0.6804759091788454
19,estatales banco,0.6316278953694707
19,reuniones estatales,0.6316278953694707
19,compromiso,0.6273920984761673
19,presidente,0.6101988902709968
19,inauguración,0.594295023189227
19,bienestar país,0.5869224014252534
19,positivo covid,0.5842393225793298
19,da positivo,0.5842393225793298
19,sin reporte,0.5780542103187478
19,heroica niños,0.5694383882991526
19,saldremos adelante,0.5550471482391311
19,nacionales,0.5501519021364949
19,adelante,0.5364560814419267
19,saldremos,0.5364410826834719
19,positivo,0.5353142409277178
19,reporte,0.512341031948419
19,da seguimiento,0.5096392654855075
19,biden aifa,0.46874477145876936
19,recibe joseph,0.46874477145876936
19,bienestar gobernadores,0.46186072357226465
19,avances banco,0.46186072357226465
19,seguimiento proyectos,0.45053957586393056
19,proyectos tesla,0.45053957586393056
19,celebra reuniones,0.43695587919457446
19,reuniones seguimiento,0.43695587919457446
19,seguimiento banco,0.43695587919457446
19,tesla,0.430880951391797
19,atoyac guerrero,0.43042710751035973
19,bienestar atoyac,0.43042710751035973
19,atoyac,0.43042710751035973
19,certificará compromiso,0.4243115430204428
19,certificará,0.4243115430204428
19,presidente certificará,0.4243115430204428
19,reelección notario,0.4243115430204428
19,planta control,0.39681594338490905
19,mosca mediterráneo,0.39681594338490905
19,control mosca,0.39681594338490905
19,mediterráneo,0.39681594338490905
19,mosca,0.39681594338490905
19,concluye reuniones,0.3965073497837244
19,semar puerto,0.3855273892924946
19,resultados administración,0.3855273892924946
19,administración semar,0.3855273892924946
19,presidente certifica,0.38494605396736886
19,público compromiso,0.38494605396736886
19,notario público,0.38494605396736886
19,certifica notario,0.38494605396736886
19,certifica,0.38494605396736886
19,inaugura planta,0.37976450665888356
19,sahagún hidalgo,0.37048644261337904
19,entrega sucursal,0.37048644261337904
19,inauguración sucursales,0.36458868055596116
19,bienestar refrenda,0.36458868055596116
19,veracruz presidente,0.35878169106272334
19,epicentro veracruz,0.35878169106272334
19,reporte daños,0.35878169106272334
19,repetición hechos,0.35784745471126095
19,ayotzinapa repetición,0.35784745471126095
19,garantizar justicia,0.35784745471126095
19,compromete garantizar,0.35784745471126095
19,ciudad sahagún,0.35471276663224705
19,sahagún,0.35471276663224705
19,anuncia inauguración,0.34910122080558437
19,inauguración sucursal,0.3488325570930825
19,tláhuac,0.3488325570930825
19,bienestar tláhuac,0.3488325570930825
19,sociales inauguración,0.3488325570930825
19,inaugura,0.34555071297826934
19,250 sucursales,0.34358452501056674
19,inauguración 250,0.34358452501056674
20,cuartel,2.6824424219593017
20,inaugura cuartel,2.5048822516533127
20,cuartel guardia,2.315821266803578
20,sostiene,1.790970147546685
20,nuevo león,1.7688853375082958
20,león,1.7530684544015889
20,presidente sostiene,1.6281941357102814
20,nuevo,1.4752560333559672
20,guardia nacional,1.295969680118657
20,guardia,1.295969680118657
20,ucrania,1.197541447733692
20,conflicto,1.197541447733692
20,presidente inaugura,1.0743118852026985
20,inaugura,1.0493631283118496
20,sostiene reunión,1.0110478661616729
20,rusia,0.9056671958289974
20,conflicto rusia,0.7834277091503735
20,rusia ucrania,0.7834277091503735
20,nacional,0.7380089834844353
20,méxico atiende,0.6216414260285693
20,postura,0.6167078483617192
20,atiende población,0.608551936478625
20,empresarios,0.6075490093037367
20,reunión,0.6047898765749128
20,2023 anuncia,0.5840583701785572
20,chihuahua,0.5693419550159137
20,presidente fijará,0.5482889204749583
20,16 septiembre,0.5482889204749583
20,fijará postura,0.5482889204749583
20,fijará,0.5482889204749583
20,costo,0.5428655055137146
20,conflicto ucrania,0.5419093880713143
20,bajas,0.5301504542123366
20,somos,0.49502750353196057
20,michoacán,0.48319471849918416
20,sabinas,0.4605084162851994
20,16,0.45333412809853013
20,empresarios chihuahua,0.4455091168612142
20,encuentro empresarios,0.4455091168612142
20,sostiene encuentro,0.4455091168612142
20,presidente,0.4409281119881932
20,delegados gabinete,0.4377967764603635
20,reunión delegados,0.4377967764603635
20,delegados,0.4377967764603635
20,nacional morelia,0.4165021914743306
20,morelia michoacán,0.4165021914743306
20,morelia,0.4165021914743306
20,nacional ahumada,0.4158969577099951
20,ahumada chihuahua,0.4158969577099951
20,ahumada,0.4158969577099951
20,pénjamo guanajuato,0.4148784882264767
20,pénjamo,0.4148784882264767
20,nacional pénjamo,0.4148784882264767
20,empresarios nuevo,0.4148173006428845
20,sostiene diálogo,0.4148173006428845
20,diálogo empresarios,0.3968922648972404
20,electo nuevo,0.38167426328270937
20,reunión gobernador,0.38167426328270937
20,supervisa presas,0.38080928902195
20,presas picachos,0.38080928902195
20,picachos santa,0.38080928902195
20,aduana nacional,0.37785349149061775
20,sede aduana,0.37785349149061775
20,laredo sede,0.37785349149061775
20,universitarios,0.37722438173556155
20,universitarios aumentarán,0.37722438173556155
20,aumentarán 2023,0.37722438173556155
20,estudiantes universitarios,0.37722438173556155
20,integrantes gobierno,0.36984052119919386
20,legisladores integrantes,0.36984052119919386
20,fomentar producción,0.36894001108252755
20,medida,0.36894001108252755
20,llama fomentar,0.36894001108252755
20,autoconsumo medida,0.36894001108252755
20,medida inflación,0.36894001108252755
20,hidalgo nuevo,0.3686207652845992
20,sabinas hidalgo,0.3686207652845992
20,nacional sabinas,0.3686207652845992
20,nacional anuncia,0.3617218919828005
20,postura paz,0.36087779441288637
20,paz conflicto,0.36087779441288637
20,mantiene postura,0.36087779441288637
20,anuncian ampliación,0.36076834327168444
20,programa regular,0.36076834327168444
20,regular vehículos,0.36076834327168444
20,aduana,0.35698030249643453
20,encuentro,0.3558834022865897
20,costo definirse,0.3548058383861508
20,ágil costo,0.3548058383861508
20,compra boletos,0.3548058383861508
20,boletos tren,0.3548058383861508
20,maya ágil,0.3548058383861508
20,esfuerzos enfrentar,0.3544076798854596
20,sequía,0.3544076798854596
20,sequía nuevo,0.3544076798854596
20,enfrentar sequía,0.3544076798854596
20,reforzar esfuerzos,0.3544076798854596
20,diálogo,0.35183280239170145
20,sede,0.3502770296724476
20,materia abasto,0.3497961137668241
21,semanas,2.249500091476783
21,reducción,2.0109515671757237
21,covid 19,1.6590185016873473
21,covid,1.6353503601092616
21,19,1.6121161345036514
21,19 méxico,1.5172974024265935
21,defunciones,1.2266273091126967
21,hospitalizaciones,1.222423156298847
21,semanas reducción,1.1211455712033123
21,méxico,0.8935891266373875
21,acumula,0.8688798123329182
21,consecutivas,0.8349563953096647
21,semanas consecutivas,0.8349563953096647
21,registra,0.8265313995034838
21,méxico registra,0.7341693706567111
21,consecutivas reducción,0.6644252624173012
21,seis,0.6423673067792818
21,casos,0.6268938145989795
21,hospitalizaciones defunciones,0.5864478300659384
21,más mil,0.5857744924341654
21,contagios hospitalizaciones,0.581512298053815
21,defunciones covid,0.5776105695413473
21,seis semanas,0.5717561008830147
21,registra seis,0.5717561008830147
21,aumento contagios,0.5609615752001462
21,reducción covid,0.5444102819601091
21,refleja,0.5429732693675762
21,ocho semanas,0.5387016466263206
21,más,0.5281565538280549
21,ola,0.5250508092671826
21,semanas incremento,0.5053219934137595
21,reducción casos,0.501748750325604
21,ocho,0.5001394755743039
21,podrían,0.45096690886443563
21,inflación 2023,0.4501717398530915
21,descenso,0.43194290774823024
21,pronostica baja,0.4305309662566044
21,presidente pronostica,0.41659561574439036
21,baja inflación,0.4165956157219382
21,anuncia adquisición,0.4101545480546332
21,medicamentos tratar,0.4101545480546332
21,tratar covid,0.4101545480546332
21,adquisición medicamentos,0.4101545480546332
21,pronostica,0.40170876837338465
21,méxico acumula,0.39101526744873816
21,13 semanas,0.39101526744873816
21,acumula 13,0.39101526744873816
21,tratar,0.37989832800255735
21,decretos,0.3753989612096353
21,decretos reforzarán,0.3753989612096353
21,protección ambiente,0.3753989612096353
21,medidas protección,0.3753989612096353
21,reforzarán medidas,0.3753989612096353
21,emitirá,0.37046372929763033
21,nacional dependa,0.37046372929763033
21,acuerdo guardia,0.37046372929763033
21,emitirá acuerdo,0.37046372929763033
21,presidente emitirá,0.37046372929763033
21,dependa sedena,0.37046372929763033
21,dependa,0.37046372929763033
21,adquisición,0.37015800053802106
21,preliberaciones amnistías,0.36752236396872534
21,preliberaciones,0.36752236396872534
21,acceden preliberaciones,0.36752236396872534
21,amnistías,0.36752236396872534
21,personas acceden,0.36752236396872534
21,reducción epidemia,0.3662587431245741
21,destaca nueve,0.3662587431245741
21,19 alcanzan,0.364912854104952
21,bajo méxico,0.364912854104952
21,alcanzan nivel,0.364912854104952
21,nivel bajo,0.364912854104952
21,conjunto pueblo,0.3617210188744
21,autoridades presidente,0.3617210188744
21,méxico esfuerzo,0.3617210188744
21,habitantes oaxaca,0.3604459733608981
21,oaxaca solos,0.3604459733608981
21,solos apoyo,0.3604459733608981
21,damnificados ilimitado,0.3604459733608981
21,solos,0.3604459733608981
21,ilimitado presidente,0.3604459733608981
21,ilimitado,0.3604459733608981
21,reforzarán,0.3593868825566975
21,13,0.35311771941897574
21,nueve semanas,0.3506902358228942
21,conagua podría,0.34324130129604397
21,egresados,0.34324130129604397
21,egresados universidad,0.34324130129604397
21,talento egresados,0.34324130129604397
21,atraer talento,0.34324130129604397
21,podría atraer,0.34324130129604397
21,mil personas,0.34080299269010444
21,defunciones quinta,0.3399277097932506
21,bajan,0.3399277097932506
21,bajan contagios,0.3399277097932506
21,dignifica labor,0.3377622251568373
21,maestros aumento,0.3377622251568373
21,labor maestras,0.3377622251568373
21,dignifica,0.3377622251568373
21,méxico dignifica,0.3377622251568373
